density_group_id,species_id,species_label,min_value,max_value,range_value,is_constant_within_group
1,1,E,4.089e-14,4.089e-14,0.0,True
1,2,AR3S,0.98,0.98,0.0,True
1,3,AR4SM,0.0,0.0,0.0,True
1,4,AR4SR,0.0,0.0,0.0,True
1,5,AR4SPM,0.0,0.0,0.0,True
1,6,AR4SPR,0.0,0.0,0.0,True
1,7,AR4P,0.0,0.0,0.0,True
1,8,AR4D,0.0,0.0,0.0,True
1,9,AR^,0.0,0.0,0.0,True
1,10,AR2*,0.0,0.0,0.0,True
1,11,AR2^,0.0,0.0,0.0,True
1,12,H,0.0,0.0,0.0,True
1,13,H*,0.0,0.0,0.0,True
1,14,H^,0.0,0.0,0.0,True
1,15,H-,0.0,0.0,0.0,True
1,16,H2,0.0,0.0,0.0,True
1,17,H2*,0.0,0.0,0.0,True
1,18,H2^,0.0,0.0,0.0,True
1,19,H3^,0.0,0.0,0.0,True
1,20,OH,0.0,0.0,0.0,True
1,21,OH*,0.0,0.0,0.0,True
1,22,OH^,0.0,0.0,0.0,True
1,23,OH-,0.0,0.0,0.0,True
1,24,H2O,0.02,0.02,0.0,True
1,25,H2OV,0.0,0.0,0.0,True
1,26,H2O^,4.089e-14,4.089e-14,0.0,True
1,27,HO2,0.0,0.0,0.0,True
1,28,H2O2,0.0,0.0,0.0,True
1,29,H3O^,0.0,0.0,0.0,True
1,30,O2,0.0,0.0,0.0,True
1,31,O2^,0.0,0.0,0.0,True
1,32,O2-,0.0,0.0,0.0,True
1,33,O,0.0,0.0,0.0,True
1,34,O^,0.0,0.0,0.0,True
1,35,O-,0.0,0.0,0.0,True
1,36,HV_096,0.0,0.0,0.0,True
1,37,HV_106,0.0,0.0,0.0,True
1,38,HV_126,0.0,0.0,0.0,True
1,39,ONE,0.0,0.0,0.0,True
1,40,TE,0.0,0.0,0.0,True
1,41,TGAS,0.0,0.0,0.0,True
1,42,EB,0.0,0.0,0.0,True
1,43,POS,0.0,0.0,0.0,True
1,44,POSITION,0.0,0.0,0.0,True
1,45,SPEED,0.0,0.0,0.0,True
1,46,EDEP,0.0,0.0,0.0,True
1,47,PDEP,0.0,0.0,0.0,True
1,48,M,0.0,0.0,0.0,True
1,49,MIS,0.0,0.0,0.0,True
2,1,E,8.259e-08,8.259e-08,0.0,True
2,2,AR3S,0.98,0.98,0.0,True
2,3,AR4SM,2.52e-07,2.52e-07,0.0,True
2,4,AR4SR,4.863e-07,4.863e-07,0.0,True
2,5,AR4SPM,5.622e-08,5.622e-08,0.0,True
2,6,AR4SPR,4.141e-07,4.141e-07,0.0,True
2,7,AR4P,5.513e-07,5.513e-07,0.0,True
2,8,AR4D,7.217e-09,7.217e-09,0.0,True
2,9,AR^,2.633e-08,2.633e-08,0.0,True
2,10,AR2*,1.629e-07,1.629e-07,0.0,True
2,11,AR2^,4.465e-09,4.465e-09,0.0,True
2,12,H,8.86e-07,8.86e-07,0.0,True
2,13,H*,2.396e-12,2.396e-12,0.0,True
2,14,H^,5.185e-14,5.185e-14,0.0,True
2,15,H-,2.576e-09,2.576e-09,0.0,True
2,16,H2,2.24e-08,2.24e-08,0.0,True
2,17,H2*,6.833e-14,6.833e-14,0.0,True
2,18,H2^,1.759e-15,1.759e-15,0.0,True
2,19,H3^,5.089e-15,5.089e-15,0.0,True
2,20,OH,9.662e-07,9.662e-07,0.0,True
2,21,OH*,2.905e-09,2.905e-09,0.0,True
2,22,OH^,1.808e-12,1.808e-12,0.0,True
2,23,OH-,1.97e-08,1.97e-08,0.0,True
2,24,H2O,0.02,0.02,0.0,True
2,25,H2OV,1.357e-06,1.357e-06,0.0,True
2,26,H2O^,1.493e-08,1.493e-08,0.0,True
2,27,HO2,2.061e-15,2.061e-15,0.0,True
2,28,H2O2,1.78e-11,1.78e-11,0.0,True
2,29,H3O^,6.262e-08,6.262e-08,0.0,True
2,30,O2,1.156e-16,1.156e-16,0.0,True
2,31,O2^,3.82e-18,3.82e-18,0.0,True
2,32,O2-,1.033e-24,1.033e-24,0.0,True
2,33,O,8.822e-11,8.822e-11,0.0,True
2,34,O^,3.933e-17,3.933e-17,0.0,True
2,35,O-,3.475e-09,3.475e-09,0.0,True
2,36,HV_096,0.0,0.0,0.0,True
2,37,HV_106,0.0,0.0,0.0,True
2,38,HV_126,0.0,0.0,0.0,True
2,39,ONE,0.0,0.0,0.0,True
2,40,TE,0.0,0.0,0.0,True
2,41,TGAS,0.0,0.0,0.0,True
2,42,EB,0.0,0.0,0.0,True
2,43,POS,0.0,0.0,0.0,True
2,44,POSITION,0.0,0.0,0.0,True
2,45,SPEED,0.0,0.0,0.0,True
2,46,EDEP,0.0,0.0,0.0,True
2,47,PDEP,0.0,0.0,0.0,True
2,48,M,0.0,0.0,0.0,True
2,49,MIS,0.0,0.0,0.0,True
3,1,E,1.288e-07,1.288e-07,0.0,True
3,2,AR3S,0.98,0.98,0.0,True
3,3,AR4SM,5.621e-07,5.621e-07,0.0,True
3,4,AR4SR,1.15e-06,1.15e-06,0.0,True
3,5,AR4SPM,1.295e-07,1.295e-07,0.0,True
3,6,AR4SPR,9.494e-07,9.494e-07,0.0,True
3,7,AR4P,7.027e-07,7.027e-07,0.0,True
3,8,AR4D,8.95e-09,8.95e-09,0.0,True
3,9,AR^,1.862e-08,1.862e-08,0.0,True
3,10,AR2*,5.674e-07,5.674e-07,0.0,True
3,11,AR2^,3.855e-09,3.855e-09,0.0,True
3,12,H,4.617e-06,4.617e-06,0.0,True
3,13,H*,4.231e-11,4.231e-11,0.0,True
3,14,H^,1.303e-13,1.303e-13,0.0,True
3,15,H-,4.336e-09,4.336e-09,0.0,True
3,16,H2,1.027e-07,1.027e-07,0.0,True
3,17,H2*,1.114e-12,1.114e-12,0.0,True
3,18,H2^,5.861e-15,5.861e-15,0.0,True
3,19,H3^,8.361e-14,8.361e-14,0.0,True
3,20,OH,4.872e-06,4.872e-06,0.0,True
3,21,OH*,3.575e-08,3.575e-08,0.0,True
3,22,OH^,1.015e-12,1.015e-12,0.0,True
3,23,OH-,9.084e-08,9.084e-08,0.0,True
3,24,H2O,0.01999,0.01999,0.0,True
3,25,H2OV,5.716e-06,5.716e-06,0.0,True
3,26,H2O^,1.338e-08,1.338e-08,0.0,True
3,27,HO2,1.627e-14,1.627e-14,0.0,True
3,28,H2O2,2.43e-10,2.43e-10,0.0,True
3,29,H3O^,2.023e-07,2.023e-07,0.0,True
3,30,O2,1.106e-14,1.106e-14,0.0,True
3,31,O2^,7.814e-17,7.814e-17,0.0,True
3,32,O2-,8.247e-22,8.247e-22,0.0,True
3,33,O,8.588e-10,8.588e-10,0.0,True
3,34,O^,3.895e-17,3.895e-17,0.0,True
3,35,O-,1.426e-08,1.426e-08,0.0,True
3,36,HV_096,0.0,0.0,0.0,True
3,37,HV_106,0.0,0.0,0.0,True
3,38,HV_126,0.0,0.0,0.0,True
3,39,ONE,0.0,0.0,0.0,True
3,40,TE,0.0,0.0,0.0,True
3,41,TGAS,0.0,0.0,0.0,True
3,42,EB,0.0,0.0,0.0,True
3,43,POS,0.0,0.0,0.0,True
3,44,POSITION,0.0,0.0,0.0,True
3,45,SPEED,0.0,0.0,0.0,True
3,46,EDEP,0.0,0.0,0.0,True
3,47,PDEP,0.0,0.0,0.0,True
3,48,M,0.0,0.0,0.0,True
3,49,MIS,0.0,0.0,0.0,True
4,1,E,1.379e-07,1.379e-07,0.0,True
4,2,AR3S,0.98,0.98,0.0,True
4,3,AR4SM,6.674e-07,6.674e-07,0.0,True
4,4,AR4SR,1.37e-06,1.37e-06,0.0,True
4,5,AR4SPM,1.532e-07,1.532e-07,0.0,True
4,6,AR4SPR,1.115e-06,1.115e-06,0.0,True
4,7,AR4P,6.902e-07,6.902e-07,0.0,True
4,8,AR4D,8.804e-09,8.804e-09,0.0,True
4,9,AR^,1.651e-08,1.651e-08,0.0,True
4,10,AR2*,8.082e-07,8.082e-07,0.0,True
4,11,AR2^,3.487e-09,3.487e-09,0.0,True
4,12,H,9.711e-06,9.711e-06,0.0,True
4,13,H*,1.585e-10,1.585e-10,0.0,True
4,14,H^,2.561e-13,2.561e-13,0.0,True
4,15,H-,4.676e-09,4.676e-09,0.0,True
4,16,H2,2.002e-07,2.002e-07,0.0,True
4,17,H2*,3.927e-12,3.927e-12,0.0,True
4,18,H2^,1.017e-14,1.017e-14,0.0,True
4,19,H3^,2.58e-13,2.58e-13,0.0,True
4,20,OH,1.01e-05,1.01e-05,0.0,True
4,21,OH*,9.113e-08,9.113e-08,0.0,True
4,22,OH^,1.276e-12,1.276e-12,0.0,True
4,23,OH-,1.756e-07,1.756e-07,0.0,True
4,24,H2O,0.01998,0.01998,0.0,True
4,25,H2OV,1.079e-05,1.079e-05,0.0,True
4,26,H2O^,1.188e-08,1.188e-08,0.0,True
4,27,HO2,7.245e-14,7.245e-14,0.0,True
4,28,H2O2,9e-10,9e-10,0.0,True
4,29,H3O^,3.129e-07,3.129e-07,0.0,True
4,30,O2,1.405e-13,1.405e-13,0.0,True
4,31,O2^,3.862e-16,3.862e-16,0.0,True
4,32,O2-,3.159e-20,3.159e-20,0.0,True
4,33,O,3.268e-09,3.268e-09,0.0,True
4,34,O^,1.407e-16,1.407e-16,0.0,True
4,35,O-,2.663e-08,2.663e-08,0.0,True
4,36,HV_096,0.0,0.0,0.0,True
4,37,HV_106,0.0,0.0,0.0,True
4,38,HV_126,0.0,0.0,0.0,True
4,39,ONE,0.0,0.0,0.0,True
4,40,TE,0.0,0.0,0.0,True
4,41,TGAS,0.0,0.0,0.0,True
4,42,EB,0.0,0.0,0.0,True
4,43,POS,0.0,0.0,0.0,True
4,44,POSITION,0.0,0.0,0.0,True
4,45,SPEED,0.0,0.0,0.0,True
4,46,EDEP,0.0,0.0,0.0,True
4,47,PDEP,0.0,0.0,0.0,True
4,48,M,0.0,0.0,0.0,True
4,49,MIS,0.0,0.0,0.0,True
5,1,E,1.409e-07,1.409e-07,0.0,True
5,2,AR3S,0.98,0.98,0.0,True
5,3,AR4SM,7.009e-07,7.009e-07,0.0,True
5,4,AR4SR,1.435e-06,1.435e-06,0.0,True
5,5,AR4SPM,1.601e-07,1.601e-07,0.0,True
5,6,AR4SPR,1.161e-06,1.161e-06,0.0,True
5,7,AR4P,6.851e-07,6.851e-07,0.0,True
5,8,AR4D,8.755e-09,8.755e-09,0.0,True
5,9,AR^,1.6e-08,1.6e-08,0.0,True
5,10,AR2*,9.167e-07,9.167e-07,0.0,True
5,11,AR2^,3.443e-09,3.443e-09,0.0,True
5,12,H,1.526e-05,1.526e-05,0.0,True
5,13,H*,3.634e-10,3.634e-10,0.0,True
5,14,H^,4.029e-13,4.029e-13,0.0,True
5,15,H-,4.783e-09,4.783e-09,0.0,True
5,16,H2,3.018e-07,3.018e-07,0.0,True
5,17,H2*,8.639e-12,8.639e-12,0.0,True
5,18,H2^,1.488e-14,1.488e-14,0.0,True
5,19,H3^,5.197e-13,5.197e-13,0.0,True
5,20,OH,1.577e-05,1.577e-05,0.0,True
5,21,OH*,1.537e-07,1.537e-07,0.0,True
5,22,OH^,1.657e-12,1.657e-12,0.0,True
5,23,OH-,2.605e-07,2.605e-07,0.0,True
5,24,H2O,0.01997,0.01997,0.0,True
5,25,H2OV,1.594e-05,1.594e-05,0.0,True
5,26,H2O^,1.156e-08,1.156e-08,0.0,True
5,27,HO2,2.604e-13,2.604e-13,0.0,True
5,28,H2O2,2.327e-09,2.327e-09,0.0,True
5,29,H3O^,4.143e-07,4.143e-07,0.0,True
5,30,O2,7.584e-13,7.584e-13,0.0,True
5,31,O2^,1.213e-15,1.213e-15,0.0,True
5,32,O2-,3.515e-19,3.515e-19,0.0,True
5,33,O,8.003e-09,8.003e-09,0.0,True
5,34,O^,3.415e-16,3.415e-16,0.0,True
5,35,O-,3.903e-08,3.903e-08,0.0,True
5,36,HV_096,0.0,0.0,0.0,True
5,37,HV_106,0.0,0.0,0.0,True
5,38,HV_126,0.0,0.0,0.0,True
5,39,ONE,0.0,0.0,0.0,True
5,40,TE,0.0,0.0,0.0,True
5,41,TGAS,0.0,0.0,0.0,True
5,42,EB,0.0,0.0,0.0,True
5,43,POS,0.0,0.0,0.0,True
5,44,POSITION,0.0,0.0,0.0,True
5,45,SPEED,0.0,0.0,0.0,True
5,46,EDEP,0.0,0.0,0.0,True
5,47,PDEP,0.0,0.0,0.0,True
5,48,M,0.0,0.0,0.0,True
5,49,MIS,0.0,0.0,0.0,True
6,1,E,1.426e-07,1.426e-07,0.0,True
6,2,AR3S,0.98,0.98,0.0,True
6,3,AR4SM,7.118e-07,7.118e-07,0.0,True
6,4,AR4SR,1.454e-06,1.454e-06,0.0,True
6,5,AR4SPM,1.622e-07,1.622e-07,0.0,True
6,6,AR4SPR,1.174e-06,1.174e-06,0.0,True
6,7,AR4P,6.827e-07,6.827e-07,0.0,True
6,8,AR4D,8.724e-09,8.724e-09,0.0,True
6,9,AR^,1.574e-08,1.574e-08,0.0,True
6,10,AR2*,9.609e-07,9.609e-07,0.0,True
6,11,AR2^,3.42e-09,3.42e-09,0.0,True
6,12,H,2.096e-05,2.096e-05,0.0,True
6,13,H*,6.591e-10,6.591e-10,0.0,True
6,14,H^,5.601e-13,5.601e-13,0.0,True
6,15,H-,4.839e-09,4.839e-09,0.0,True
6,16,H2,4.049e-07,4.049e-07,0.0,True
6,17,H2*,1.525e-11,1.525e-11,0.0,True
6,18,H2^,1.966e-14,1.966e-14,0.0,True
6,19,H3^,8.635e-13,8.635e-13,0.0,True
6,20,OH,2.158e-05,2.158e-05,0.0,True
6,21,OH*,2.189e-07,2.189e-07,0.0,True
6,22,OH^,2.06e-12,2.06e-12,0.0,True
6,23,OH-,3.423e-07,3.423e-07,0.0,True
6,24,H2O,0.01996,0.01996,0.0,True
6,25,H2OV,2.104e-05,2.104e-05,0.0,True
6,26,H2O^,1.14e-08,1.14e-08,0.0,True
6,27,HO2,7.435e-13,7.435e-13,0.0,True
6,28,H2O2,4.885e-09,4.885e-09,0.0,True
6,29,H3O^,5.103e-07,5.103e-07,0.0,True
6,30,O2,2.628e-12,2.628e-12,0.0,True
6,31,O2^,2.907e-15,2.907e-15,0.0,True
6,32,O2-,2.069e-18,2.069e-18,0.0,True
6,33,O,1.555e-08,1.555e-08,0.0,True
6,34,O^,6.602e-16,6.602e-16,0.0,True
6,35,O-,5.112e-08,5.112e-08,0.0,True
6,36,HV_096,0.0,0.0,0.0,True
6,37,HV_106,0.0,0.0,0.0,True
6,38,HV_126,0.0,0.0,0.0,True
6,39,ONE,0.0,0.0,0.0,True
6,40,TE,0.0,0.0,0.0,True
6,41,TGAS,0.0,0.0,0.0,True
6,42,EB,0.0,0.0,0.0,True
6,43,POS,0.0,0.0,0.0,True
6,44,POSITION,0.0,0.0,0.0,True
6,45,SPEED,0.0,0.0,0.0,True
6,46,EDEP,0.0,0.0,0.0,True
6,47,PDEP,0.0,0.0,0.0,True
6,48,M,0.0,0.0,0.0,True
6,49,MIS,0.0,0.0,0.0,True
7,1,E,1.439e-07,1.439e-07,0.0,True
7,2,AR3S,0.98,0.98,0.0,True
7,3,AR4SM,7.156e-07,7.156e-07,0.0,True
7,4,AR4SR,1.46e-06,1.46e-06,0.0,True
7,5,AR4SPM,1.628e-07,1.628e-07,0.0,True
7,6,AR4SPR,1.177e-06,1.177e-06,0.0,True
7,7,AR4P,6.808e-07,6.808e-07,0.0,True
7,8,AR4D,8.691e-09,8.691e-09,0.0,True
7,9,AR^,1.551e-08,1.551e-08,0.0,True
7,10,AR2*,9.776e-07,9.776e-07,0.0,True
7,11,AR2^,3.391e-09,3.391e-09,0.0,True
7,12,H,2.671e-05,2.671e-05,0.0,True
7,13,H*,1.045e-09,1.045e-09,0.0,True
7,14,H^,7.239e-13,7.239e-13,0.0,True
7,15,H-,4.884e-09,4.884e-09,0.0,True
7,16,H2,5.092e-07,5.092e-07,0.0,True
7,17,H2*,2.374e-11,2.374e-11,0.0,True
7,18,H2^,2.44e-14,2.44e-14,0.0,True
7,19,H3^,1.283e-12,1.283e-12,0.0,True
7,20,OH,2.744e-05,2.744e-05,0.0,True
7,21,OH*,2.857e-07,2.857e-07,0.0,True
7,22,OH^,2.463e-12,2.463e-12,0.0,True
7,23,OH-,4.195e-07,4.195e-07,0.0,True
7,24,H2O,0.01994,0.01994,0.0,True
7,25,H2OV,2.607e-05,2.607e-05,0.0,True
7,26,H2O^,1.125e-08,1.125e-08,0.0,True
7,27,HO2,1.77e-12,1.77e-12,0.0,True
7,28,H2O2,8.924e-09,8.924e-09,0.0,True
7,29,H3O^,6.009e-07,6.009e-07,0.0,True
7,30,O2,6.99e-12,6.99e-12,0.0,True
7,31,O2^,5.826e-15,5.826e-15,0.0,True
7,32,O2-,8.31e-18,8.31e-18,0.0,True
7,33,O,2.626e-08,2.626e-08,0.0,True
7,34,O^,1.109e-15,1.109e-15,0.0,True
7,35,O-,6.278e-08,6.278e-08,0.0,True
7,36,HV_096,0.0,0.0,0.0,True
7,37,HV_106,0.0,0.0,0.0,True
7,38,HV_126,0.0,0.0,0.0,True
7,39,ONE,0.0,0.0,0.0,True
7,40,TE,0.0,0.0,0.0,True
7,41,TGAS,0.0,0.0,0.0,True
7,42,EB,0.0,0.0,0.0,True
7,43,POS,0.0,0.0,0.0,True
7,44,POSITION,0.0,0.0,0.0,True
7,45,SPEED,0.0,0.0,0.0,True
7,46,EDEP,0.0,0.0,0.0,True
7,47,PDEP,0.0,0.0,0.0,True
7,48,M,0.0,0.0,0.0,True
7,49,MIS,0.0,0.0,0.0,True
8,1,E,1.454e-07,1.454e-07,0.0,True
8,2,AR3S,0.98,0.98,0.0,True
8,3,AR4SM,7.174e-07,7.174e-07,0.0,True
8,4,AR4SR,1.462e-06,1.462e-06,0.0,True
8,5,AR4SPM,1.63e-07,1.63e-07,0.0,True
8,6,AR4SPR,1.177e-06,1.177e-06,0.0,True
8,7,AR4P,6.789e-07,6.789e-07,0.0,True
8,8,AR4D,8.653e-09,8.653e-09,0.0,True
8,9,AR^,1.528e-08,1.528e-08,0.0,True
8,10,AR2*,9.835e-07,9.835e-07,0.0,True
8,11,AR2^,3.354e-09,3.354e-09,0.0,True
8,12,H,3.249e-05,3.249e-05,0.0,True
8,13,H*,1.52e-09,1.52e-09,0.0,True
8,14,H^,8.926e-13,8.926e-13,0.0,True
8,15,H-,4.932e-09,4.932e-09,0.0,True
8,16,H2,6.145e-07,6.145e-07,0.0,True
8,17,H2*,3.411e-11,3.411e-11,0.0,True
8,18,H2^,2.903e-14,2.903e-14,0.0,True
8,19,H3^,1.771e-12,1.771e-12,0.0,True
8,20,OH,3.331e-05,3.331e-05,0.0,True
8,21,OH*,3.539e-07,3.539e-07,0.0,True
8,22,OH^,2.859e-12,2.859e-12,0.0,True
8,23,OH-,4.911e-07,4.911e-07,0.0,True
8,24,H2O,0.01993,0.01993,0.0,True
8,25,H2OV,3.103e-05,3.103e-05,0.0,True
8,26,H2O^,1.11e-08,1.11e-08,0.0,True
8,27,HO2,3.679e-12,3.679e-12,0.0,True
8,28,H2O2,1.479e-08,1.479e-08,0.0,True
8,29,H3O^,6.857e-07,6.857e-07,0.0,True
8,30,O2,1.561e-11,1.561e-11,0.0,True
8,31,O2^,1.031e-14,1.031e-14,0.0,True
8,32,O2-,2.594e-17,2.594e-17,0.0,True
8,33,O,4.041e-08,4.041e-08,0.0,True
8,34,O^,1.695e-15,1.695e-15,0.0,True
8,35,O-,7.397e-08,7.397e-08,0.0,True
8,36,HV_096,0.0,0.0,0.0,True
8,37,HV_106,0.0,0.0,0.0,True
8,38,HV_126,0.0,0.0,0.0,True
8,39,ONE,0.0,0.0,0.0,True
8,40,TE,0.0,0.0,0.0,True
8,41,TGAS,0.0,0.0,0.0,True
8,42,EB,0.0,0.0,0.0,True
8,43,POS,0.0,0.0,0.0,True
8,44,POSITION,0.0,0.0,0.0,True
8,45,SPEED,0.0,0.0,0.0,True
8,46,EDEP,0.0,0.0,0.0,True
8,47,PDEP,0.0,0.0,0.0,True
8,48,M,0.0,0.0,0.0,True
8,49,MIS,0.0,0.0,0.0,True
9,1,E,1.47e-07,1.47e-07,0.0,True
9,2,AR3S,0.98,0.98,0.0,True
9,3,AR4SM,7.186e-07,7.186e-07,0.0,True
9,4,AR4SR,1.463e-06,1.463e-06,0.0,True
9,5,AR4SPM,1.63e-07,1.63e-07,0.0,True
9,6,AR4SPR,1.177e-06,1.177e-06,0.0,True
9,7,AR4P,6.768e-07,6.768e-07,0.0,True
9,8,AR4D,8.61e-09,8.61e-09,0.0,True
9,9,AR^,1.503e-08,1.503e-08,0.0,True
9,10,AR2*,9.851e-07,9.851e-07,0.0,True
9,11,AR2^,3.313e-09,3.313e-09,0.0,True
9,12,H,3.827e-05,3.827e-05,0.0,True
9,13,H*,2.084e-09,2.084e-09,0.0,True
9,14,H^,1.066e-12,1.066e-12,0.0,True
9,15,H-,4.985e-09,4.985e-09,0.0,True
9,16,H2,7.208e-07,7.208e-07,0.0,True
9,17,H2*,4.636e-11,4.636e-11,0.0,True
9,18,H2^,3.353e-14,3.353e-14,0.0,True
9,19,H3^,2.32e-12,2.32e-12,0.0,True
9,20,OH,3.918e-05,3.918e-05,0.0,True
9,21,OH*,4.239e-07,4.239e-07,0.0,True
9,22,OH^,3.247e-12,3.247e-12,0.0,True
9,23,OH-,5.569e-07,5.569e-07,0.0,True
9,24,H2O,0.01992,0.01992,0.0,True
9,25,H2OV,3.592e-05,3.592e-05,0.0,True
9,26,H2O^,1.094e-08,1.094e-08,0.0,True
9,27,HO2,6.894e-12,6.894e-12,0.0,True
9,28,H2O2,2.282e-08,2.282e-08,0.0,True
9,29,H3O^,7.642e-07,7.642e-07,0.0,True
9,30,O2,3.083e-11,3.083e-11,0.0,True
9,31,O2^,1.665e-14,1.665e-14,0.0,True
9,32,O2-,6.775e-17,6.775e-17,0.0,True
9,33,O,5.819e-08,5.819e-08,0.0,True
9,34,O^,2.421e-15,2.421e-15,0.0,True
9,35,O-,8.467e-08,8.467e-08,0.0,True
9,36,HV_096,0.0,0.0,0.0,True
9,37,HV_106,0.0,0.0,0.0,True
9,38,HV_126,0.0,0.0,0.0,True
9,39,ONE,0.0,0.0,0.0,True
9,40,TE,0.0,0.0,0.0,True
9,41,TGAS,0.0,0.0,0.0,True
9,42,EB,0.0,0.0,0.0,True
9,43,POS,0.0,0.0,0.0,True
9,44,POSITION,0.0,0.0,0.0,True
9,45,SPEED,0.0,0.0,0.0,True
9,46,EDEP,0.0,0.0,0.0,True
9,47,PDEP,0.0,0.0,0.0,True
9,48,M,0.0,0.0,0.0,True
9,49,MIS,0.0,0.0,0.0,True
10,1,E,1.487e-07,1.487e-07,0.0,True
10,2,AR3S,0.98,0.98,0.0,True
10,3,AR4SM,7.196e-07,7.196e-07,0.0,True
10,4,AR4SR,1.464e-06,1.464e-06,0.0,True
10,5,AR4SPM,1.63e-07,1.63e-07,0.0,True
10,6,AR4SPR,1.176e-06,1.176e-06,0.0,True
10,7,AR4P,6.745e-07,6.745e-07,0.0,True
10,8,AR4D,8.562e-09,8.562e-09,0.0,True
10,9,AR^,1.476e-08,1.476e-08,0.0,True
10,10,AR2*,9.851e-07,9.851e-07,0.0,True
10,11,AR2^,3.267e-09,3.267e-09,0.0,True
10,12,H,4.407e-05,4.407e-05,0.0,True
10,13,H*,2.733e-09,2.733e-09,0.0,True
10,14,H^,1.244e-12,1.244e-12,0.0,True
10,15,H-,5.044e-09,5.044e-09,0.0,True
10,16,H2,8.284e-07,8.284e-07,0.0,True
10,17,H2*,6.048e-11,6.048e-11,0.0,True
10,18,H2^,3.788e-14,3.788e-14,0.0,True
10,19,H3^,2.922e-12,2.922e-12,0.0,True
10,20,OH,4.504e-05,4.504e-05,0.0,True
10,21,OH*,4.956e-07,4.956e-07,0.0,True
10,22,OH^,3.626e-12,3.626e-12,0.0,True
10,23,OH-,6.165e-07,6.165e-07,0.0,True
10,24,H2O,0.01991,0.01991,0.0,True
10,25,H2OV,4.075e-05,4.075e-05,0.0,True
10,26,H2O^,1.077e-08,1.077e-08,0.0,True
10,27,HO2,1.192e-11,1.192e-11,0.0,True
10,28,H2O2,3.334e-08,3.334e-08,0.0,True
10,29,H3O^,8.363e-07,8.363e-07,0.0,True
10,30,O2,5.554e-11,5.554e-11,0.0,True
10,31,O2^,2.508e-14,2.508e-14,0.0,True
10,32,O2-,1.549e-16,1.549e-16,0.0,True
10,33,O,7.967e-08,7.967e-08,0.0,True
10,34,O^,3.287e-15,3.287e-15,0.0,True
10,35,O-,9.487e-08,9.487e-08,0.0,True
10,36,HV_096,0.0,0.0,0.0,True
10,37,HV_106,0.0,0.0,0.0,True
10,38,HV_126,0.0,0.0,0.0,True
10,39,ONE,0.0,0.0,0.0,True
10,40,TE,0.0,0.0,0.0,True
10,41,TGAS,0.0,0.0,0.0,True
10,42,EB,0.0,0.0,0.0,True
10,43,POS,0.0,0.0,0.0,True
10,44,POSITION,0.0,0.0,0.0,True
10,45,SPEED,0.0,0.0,0.0,True
10,46,EDEP,0.0,0.0,0.0,True
10,47,PDEP,0.0,0.0,0.0,True
10,48,M,0.0,0.0,0.0,True
10,49,MIS,0.0,0.0,0.0,True
11,1,E,1.06e-07,1.06e-07,0.0,True
11,2,AR3S,0.9799,0.9799,0.0,True
11,3,AR4SM,4.38e-07,4.38e-07,0.0,True
11,4,AR4SR,9.243e-07,9.243e-07,0.0,True
11,5,AR4SPM,1.016e-07,1.016e-07,0.0,True
11,6,AR4SPR,7.307e-07,7.307e-07,0.0,True
11,7,AR4P,1.337e-07,1.337e-07,0.0,True
11,8,AR4D,2.707e-09,2.707e-09,0.0,True
11,9,AR^,1.75e-09,1.75e-09,0.0,True
11,10,AR2*,8.138e-07,8.138e-07,0.0,True
11,11,AR2^,7.716e-10,7.716e-10,0.0,True
11,12,H,4.891e-05,4.891e-05,0.0,True
11,13,H*,3.139e-09,3.139e-09,0.0,True
11,14,H^,2.003e-13,2.003e-13,0.0,True
11,15,H-,3.419e-09,3.419e-09,0.0,True
11,16,H2,9.248e-07,9.248e-07,0.0,True
11,17,H2*,6.97e-11,6.97e-11,0.0,True
11,18,H2^,5.128e-15,5.128e-15,0.0,True
11,19,H3^,3.404e-12,3.404e-12,0.0,True
11,20,OH,5.01e-05,5.01e-05,0.0,True
11,21,OH*,3.767e-07,3.767e-07,0.0,True
11,22,OH^,7.202e-14,7.202e-14,0.0,True
11,23,OH-,6.613e-07,6.613e-07,0.0,True
11,24,H2O,0.0199,0.0199,0.0,True
11,25,H2OV,4.475e-05,4.475e-05,0.0,True
11,26,H2O^,2.251e-09,2.251e-09,0.0,True
11,27,HO2,1.893e-11,1.893e-11,0.0,True
11,28,H2O2,4.614e-08,4.614e-08,0.0,True
11,29,H3O^,8.681e-07,8.681e-07,0.0,True
11,30,O2,9.28e-11,9.28e-11,0.0,True
11,31,O2^,3.08e-14,3.08e-14,0.0,True
11,32,O2-,3.185e-16,3.185e-16,0.0,True
11,33,O,1.027e-07,1.027e-07,0.0,True
11,34,O^,9.303e-17,9.303e-17,0.0,True
11,35,O-,1.022e-07,1.022e-07,0.0,True
11,36,HV_096,0.0,0.0,0.0,True
11,37,HV_106,0.0,0.0,0.0,True
11,38,HV_126,0.0,0.0,0.0,True
11,39,ONE,0.0,0.0,0.0,True
11,40,TE,0.0,0.0,0.0,True
11,41,TGAS,0.0,0.0,0.0,True
11,42,EB,0.0,0.0,0.0,True
11,43,POS,0.0,0.0,0.0,True
11,44,POSITION,0.0,0.0,0.0,True
11,45,SPEED,0.0,0.0,0.0,True
11,46,EDEP,0.0,0.0,0.0,True
11,47,PDEP,0.0,0.0,0.0,True
11,48,M,0.0,0.0,0.0,True
11,49,MIS,0.0,0.0,0.0,True
12,1,E,8.634e-08,8.634e-08,0.0,True
12,2,AR3S,0.98,0.98,0.0,True
12,3,AR4SM,2.624e-07,2.624e-07,0.0,True
12,4,AR4SR,5.071e-07,5.071e-07,0.0,True
12,5,AR4SPM,5.863e-08,5.863e-08,0.0,True
12,6,AR4SPR,4.321e-07,4.321e-07,0.0,True
12,7,AR4P,5.737e-07,5.737e-07,0.0,True
12,8,AR4D,7.584e-09,7.584e-09,0.0,True
12,9,AR^,2.778e-08,2.778e-08,0.0,True
12,10,AR2*,1.655e-07,1.655e-07,0.0,True
12,11,AR2^,4.646e-09,4.646e-09,0.0,True
12,12,H,1.581e-05,1.581e-05,0.0,True
12,13,H*,9.533e-11,9.533e-11,0.0,True
12,14,H^,6.003e-13,6.003e-13,0.0,True
12,15,H-,2.689e-09,2.689e-09,0.0,True
12,16,H2,6.66e-06,6.66e-06,0.0,True
12,17,H2*,4.484e-11,4.484e-11,0.0,True
12,18,H2^,5.68e-13,5.68e-13,0.0,True
12,19,H3^,1.696e-12,1.696e-12,0.0,True
12,20,OH,1.057e-06,1.057e-06,0.0,True
12,21,OH*,3.419e-09,3.419e-09,0.0,True
12,22,OH^,1.913e-12,1.913e-12,0.0,True
12,23,OH-,2.027e-08,2.027e-08,0.0,True
12,24,H2O,0.01997,0.01997,0.0,True
12,25,H2OV,1.401e-06,1.401e-06,0.0,True
12,26,H2O^,1.566e-08,1.566e-08,0.0,True
12,27,HO2,6.089e-09,6.089e-09,0.0,True
12,28,H2O2,1.24e-05,1.24e-05,0.0,True
12,29,H3O^,6.479e-08,6.479e-08,0.0,True
12,30,O2,6.296e-07,6.296e-07,0.0,True
12,31,O2^,9.397e-13,9.397e-13,0.0,True
12,32,O2-,2.555e-12,2.555e-12,0.0,True
12,33,O,3.866e-07,3.866e-07,0.0,True
12,34,O^,2.12e-14,2.12e-14,0.0,True
12,35,O-,3.589e-09,3.589e-09,0.0,True
12,36,HV_096,0.0,0.0,0.0,True
12,37,HV_106,0.0,0.0,0.0,True
12,38,HV_126,0.0,0.0,0.0,True
12,39,ONE,0.0,0.0,0.0,True
12,40,TE,0.0,0.0,0.0,True
12,41,TGAS,0.0,0.0,0.0,True
12,42,EB,0.0,0.0,0.0,True
12,43,POS,0.0,0.0,0.0,True
12,44,POSITION,0.0,0.0,0.0,True
12,45,SPEED,0.0,0.0,0.0,True
12,46,EDEP,0.0,0.0,0.0,True
12,47,PDEP,0.0,0.0,0.0,True
12,48,M,0.0,0.0,0.0,True
12,49,MIS,0.0,0.0,0.0,True
13,1,E,1.329e-07,1.329e-07,0.0,True
13,2,AR3S,0.98,0.98,0.0,True
13,3,AR4SM,5.795e-07,5.795e-07,0.0,True
13,4,AR4SR,1.188e-06,1.188e-06,0.0,True
13,5,AR4SPM,1.337e-07,1.337e-07,0.0,True
13,6,AR4SPR,9.806e-07,9.806e-07,0.0,True
13,7,AR4P,7.191e-07,7.191e-07,0.0,True
13,8,AR4D,9.293e-09,9.293e-09,0.0,True
13,9,AR^,1.926e-08,1.926e-08,0.0,True
13,10,AR2*,5.706e-07,5.706e-07,0.0,True
13,11,AR2^,3.945e-09,3.945e-09,0.0,True
13,12,H,1.96e-05,1.96e-05,0.0,True
13,13,H*,3.647e-10,3.647e-10,0.0,True
13,14,H^,5.833e-13,5.833e-13,0.0,True
13,15,H-,4.474e-09,4.474e-09,0.0,True
13,16,H2,6.741e-06,6.741e-06,0.0,True
13,17,H2*,1.604e-10,1.604e-10,0.0,True
13,18,H2^,4.025e-13,4.025e-13,0.0,True
13,19,H3^,5.803e-12,5.803e-12,0.0,True
13,20,OH,5.021e-06,5.021e-06,0.0,True
13,21,OH*,3.826e-08,3.826e-08,0.0,True
13,22,OH^,1.053e-12,1.053e-12,0.0,True
13,23,OH-,9.237e-08,9.237e-08,0.0,True
13,24,H2O,0.01996,0.01996,0.0,True
13,25,H2OV,5.84e-06,5.84e-06,0.0,True
13,26,H2O^,1.381e-08,1.381e-08,0.0,True
13,27,HO2,6.107e-09,6.107e-09,0.0,True
13,28,H2O2,1.24e-05,1.24e-05,0.0,True
13,29,H3O^,2.073e-07,2.073e-07,0.0,True
13,30,O2,6.295e-07,6.295e-07,0.0,True
13,31,O2^,2.845e-12,2.845e-12,0.0,True
13,32,O2-,2.643e-12,2.643e-12,0.0,True
13,33,O,3.877e-07,3.877e-07,0.0,True
13,34,O^,1.916e-14,1.916e-14,0.0,True
13,35,O-,1.455e-08,1.455e-08,0.0,True
13,36,HV_096,0.0,0.0,0.0,True
13,37,HV_106,0.0,0.0,0.0,True
13,38,HV_126,0.0,0.0,0.0,True
13,39,ONE,0.0,0.0,0.0,True
13,40,TE,0.0,0.0,0.0,True
13,41,TGAS,0.0,0.0,0.0,True
13,42,EB,0.0,0.0,0.0,True
13,43,POS,0.0,0.0,0.0,True
13,44,POSITION,0.0,0.0,0.0,True
13,45,SPEED,0.0,0.0,0.0,True
13,46,EDEP,0.0,0.0,0.0,True
13,47,PDEP,0.0,0.0,0.0,True
13,48,M,0.0,0.0,0.0,True
13,49,MIS,0.0,0.0,0.0,True
14,1,E,1.427e-07,1.427e-07,0.0,True
14,2,AR3S,0.98,0.98,0.0,True
14,3,AR4SM,6.888e-07,6.888e-07,0.0,True
14,4,AR4SR,1.416e-06,1.416e-06,0.0,True
14,5,AR4SPM,1.583e-07,1.583e-07,0.0,True
14,6,AR4SPR,1.153e-06,1.153e-06,0.0,True
14,7,AR4P,7.055e-07,7.055e-07,0.0,True
14,8,AR4D,9.147e-09,9.147e-09,0.0,True
14,9,AR^,1.703e-08,1.703e-08,0.0,True
14,10,AR2*,8.123e-07,8.123e-07,0.0,True
14,11,AR2^,3.56e-09,3.56e-09,0.0,True
14,12,H,2.475e-05,2.475e-05,0.0,True
14,13,H*,7.254e-10,7.254e-10,0.0,True
14,14,H^,7.007e-13,7.007e-13,0.0,True
14,15,H-,4.836e-09,4.836e-09,0.0,True
14,16,H2,6.839e-06,6.839e-06,0.0,True
14,17,H2*,2.861e-10,2.861e-10,0.0,True
14,18,H2^,3.608e-13,3.608e-13,0.0,True
14,19,H3^,9.162e-12,9.162e-12,0.0,True
14,20,OH,1.031e-05,1.031e-05,0.0,True
14,21,OH*,9.672e-08,9.672e-08,0.0,True
14,22,OH^,1.322e-12,1.322e-12,0.0,True
14,23,OH-,1.777e-07,1.777e-07,0.0,True
14,24,H2O,0.01995,0.01995,0.0,True
14,25,H2OV,1.1e-05,1.1e-05,0.0,True
14,26,H2O^,1.223e-08,1.223e-08,0.0,True
14,27,HO2,6.161e-09,6.161e-09,0.0,True
14,28,H2O2,1.24e-05,1.24e-05,0.0,True
14,29,H3O^,3.195e-07,3.195e-07,0.0,True
14,30,O2,6.293e-07,6.293e-07,0.0,True
14,31,O2^,4.452e-12,4.452e-12,0.0,True
14,32,O2-,2.89e-12,2.89e-12,0.0,True
14,33,O,3.905e-07,3.905e-07,0.0,True
14,34,O^,1.835e-14,1.835e-14,0.0,True
14,35,O-,2.709e-08,2.709e-08,0.0,True
14,36,HV_096,0.0,0.0,0.0,True
14,37,HV_106,0.0,0.0,0.0,True
14,38,HV_126,0.0,0.0,0.0,True
14,39,ONE,0.0,0.0,0.0,True
14,40,TE,0.0,0.0,0.0,True
14,41,TGAS,0.0,0.0,0.0,True
14,42,EB,0.0,0.0,0.0,True
14,43,POS,0.0,0.0,0.0,True
14,44,POSITION,0.0,0.0,0.0,True
14,45,SPEED,0.0,0.0,0.0,True
14,46,EDEP,0.0,0.0,0.0,True
14,47,PDEP,0.0,0.0,0.0,True
14,48,M,0.0,0.0,0.0,True
14,49,MIS,0.0,0.0,0.0,True
15,1,E,1.463e-07,1.463e-07,0.0,True
15,2,AR3S,0.98,0.98,0.0,True
15,3,AR4SM,7.244e-07,7.244e-07,0.0,True
15,4,AR4SR,1.484e-06,1.484e-06,0.0,True
15,5,AR4SPM,1.656e-07,1.656e-07,0.0,True
15,6,AR4SPR,1.201e-06,1.201e-06,0.0,True
15,7,AR4P,6.997e-07,6.997e-07,0.0,True
15,8,AR4D,9.092e-09,9.092e-09,0.0,True
15,9,AR^,1.644e-08,1.644e-08,0.0,True
15,10,AR2*,9.222e-07,9.222e-07,0.0,True
15,11,AR2^,3.506e-09,3.506e-09,0.0,True
15,12,H,3.037e-05,3.037e-05,0.0,True
15,13,H*,1.176e-09,1.176e-09,0.0,True
15,14,H^,8.645e-13,8.645e-13,0.0,True
15,15,H-,4.963e-09,4.963e-09,0.0,True
15,16,H2,6.941e-06,6.941e-06,0.0,True
15,17,H2*,4.135e-10,4.135e-10,0.0,True
15,18,H2^,3.537e-13,3.537e-13,0.0,True
15,19,H3^,1.233e-11,1.233e-11,0.0,True
15,20,OH,1.605e-05,1.605e-05,0.0,True
15,21,OH*,1.632e-07,1.632e-07,0.0,True
15,22,OH^,1.715e-12,1.715e-12,0.0,True
15,23,OH-,2.63e-07,2.63e-07,0.0,True
15,24,H2O,0.01994,0.01994,0.0,True
15,25,H2OV,1.626e-05,1.626e-05,0.0,True
15,26,H2O^,1.186e-08,1.186e-08,0.0,True
15,27,HO2,6.26e-09,6.26e-09,0.0,True
15,28,H2O2,1.24e-05,1.24e-05,0.0,True
15,29,H3O^,4.22e-07,4.22e-07,0.0,True
15,30,O2,6.292e-07,6.292e-07,0.0,True
15,31,O2^,5.911e-12,5.911e-12,0.0,True
15,32,O2-,3.299e-12,3.299e-12,0.0,True
15,33,O,3.956e-07,3.956e-07,0.0,True
15,34,O^,1.819e-14,1.819e-14,0.0,True
15,35,O-,3.966e-08,3.966e-08,0.0,True
15,36,HV_096,0.0,0.0,0.0,True
15,37,HV_106,0.0,0.0,0.0,True
15,38,HV_126,0.0,0.0,0.0,True
15,39,ONE,0.0,0.0,0.0,True
15,40,TE,0.0,0.0,0.0,True
15,41,TGAS,0.0,0.0,0.0,True
15,42,EB,0.0,0.0,0.0,True
15,43,POS,0.0,0.0,0.0,True
15,44,POSITION,0.0,0.0,0.0,True
15,45,SPEED,0.0,0.0,0.0,True
15,46,EDEP,0.0,0.0,0.0,True
15,47,PDEP,0.0,0.0,0.0,True
15,48,M,0.0,0.0,0.0,True
15,49,MIS,0.0,0.0,0.0,True
16,1,E,1.484e-07,1.484e-07,0.0,True
16,2,AR3S,0.98,0.98,0.0,True
16,3,AR4SM,7.363e-07,7.363e-07,0.0,True
16,4,AR4SR,1.505e-06,1.505e-06,0.0,True
16,5,AR4SPM,1.678e-07,1.678e-07,0.0,True
16,6,AR4SPR,1.215e-06,1.215e-06,0.0,True
16,7,AR4P,6.967e-07,6.967e-07,0.0,True
16,8,AR4D,9.052e-09,9.052e-09,0.0,True
16,9,AR^,1.611e-08,1.611e-08,0.0,True
16,10,AR2*,9.673e-07,9.673e-07,0.0,True
16,11,AR2^,3.474e-09,3.474e-09,0.0,True
16,12,H,3.615e-05,3.615e-05,0.0,True
16,13,H*,1.716e-09,1.716e-09,0.0,True
16,14,H^,1.043e-12,1.043e-12,0.0,True
16,15,H-,5.035e-09,5.035e-09,0.0,True
16,16,H2,7.045e-06,7.045e-06,0.0,True
16,17,H2*,5.41e-10,5.41e-10,0.0,True
16,18,H2^,3.52e-13,3.52e-13,0.0,True
16,19,H3^,1.542e-11,1.542e-11,0.0,True
16,20,OH,2.194e-05,2.194e-05,0.0,True
16,21,OH*,2.328e-07,2.328e-07,0.0,True
16,22,OH^,2.131e-12,2.131e-12,0.0,True
16,23,OH-,3.448e-07,3.448e-07,0.0,True
16,24,H2O,0.01993,0.01993,0.0,True
16,25,H2OV,2.149e-05,2.149e-05,0.0,True
16,26,H2O^,1.166e-08,1.166e-08,0.0,True
16,27,HO2,6.407e-09,6.407e-09,0.0,True
16,28,H2O2,1.24e-05,1.24e-05,0.0,True
16,29,H3O^,5.189e-07,5.189e-07,0.0,True
16,30,O2,6.29e-07,6.29e-07,0.0,True
16,31,O2^,7.232e-12,7.232e-12,0.0,True
16,32,O2-,3.857e-12,3.857e-12,0.0,True
16,33,O,4.037e-07,4.037e-07,0.0,True
16,34,O^,1.827e-14,1.827e-14,0.0,True
16,35,O-,5.193e-08,5.193e-08,0.0,True
16,36,HV_096,0.0,0.0,0.0,True
16,37,HV_106,0.0,0.0,0.0,True
16,38,HV_126,0.0,0.0,0.0,True
16,39,ONE,0.0,0.0,0.0,True
16,40,TE,0.0,0.0,0.0,True
16,41,TGAS,0.0,0.0,0.0,True
16,42,EB,0.0,0.0,0.0,True
16,43,POS,0.0,0.0,0.0,True
16,44,POSITION,0.0,0.0,0.0,True
16,45,SPEED,0.0,0.0,0.0,True
16,46,EDEP,0.0,0.0,0.0,True
16,47,PDEP,0.0,0.0,0.0,True
16,48,M,0.0,0.0,0.0,True
16,49,MIS,0.0,0.0,0.0,True
17,1,E,1.502e-07,1.502e-07,0.0,True
17,2,AR3S,0.98,0.98,0.0,True
17,3,AR4SM,7.407e-07,7.407e-07,0.0,True
17,4,AR4SR,1.511e-06,1.511e-06,0.0,True
17,5,AR4SPM,1.685e-07,1.685e-07,0.0,True
17,6,AR4SPR,1.218e-06,1.218e-06,0.0,True
17,7,AR4P,6.942e-07,6.942e-07,0.0,True
17,8,AR4D,9.008e-09,9.008e-09,0.0,True
17,9,AR^,1.582e-08,1.582e-08,0.0,True
17,10,AR2*,9.845e-07,9.845e-07,0.0,True
17,11,AR2^,3.435e-09,3.435e-09,0.0,True
17,12,H,4.198e-05,4.198e-05,0.0,True
17,13,H*,2.345e-09,2.345e-09,0.0,True
17,14,H^,1.228e-12,1.228e-12,0.0,True
17,15,H-,5.095e-09,5.095e-09,0.0,True
17,16,H2,7.15e-06,7.15e-06,0.0,True
17,17,H2*,6.684e-10,6.684e-10,0.0,True
17,18,H2^,3.514e-13,3.514e-13,0.0,True
17,19,H3^,1.843e-11,1.843e-11,0.0,True
17,20,OH,2.787e-05,2.787e-05,0.0,True
17,21,OH*,3.043e-07,3.043e-07,0.0,True
17,22,OH^,2.547e-12,2.547e-12,0.0,True
17,23,OH-,4.217e-07,4.217e-07,0.0,True
17,24,H2O,0.01992,0.01992,0.0,True
17,25,H2OV,2.666e-05,2.666e-05,0.0,True
17,26,H2O^,1.148e-08,1.148e-08,0.0,True
17,27,HO2,6.603e-09,6.603e-09,0.0,True
17,28,H2O2,1.241e-05,1.241e-05,0.0,True
17,29,H3O^,6.1e-07,6.1e-07,0.0,True
17,30,O2,6.289e-07,6.289e-07,0.0,True
17,31,O2^,8.404e-12,8.404e-12,0.0,True
17,32,O2-,4.546e-12,4.546e-12,0.0,True
17,33,O,4.149e-07,4.149e-07,0.0,True
17,34,O^,1.852e-14,1.852e-14,0.0,True
17,35,O-,6.377e-08,6.377e-08,0.0,True
17,36,HV_096,0.0,0.0,0.0,True
17,37,HV_106,0.0,0.0,0.0,True
17,38,HV_126,0.0,0.0,0.0,True
17,39,ONE,0.0,0.0,0.0,True
17,40,TE,0.0,0.0,0.0,True
17,41,TGAS,0.0,0.0,0.0,True
17,42,EB,0.0,0.0,0.0,True
17,43,POS,0.0,0.0,0.0,True
17,44,POSITION,0.0,0.0,0.0,True
17,45,SPEED,0.0,0.0,0.0,True
17,46,EDEP,0.0,0.0,0.0,True
17,47,PDEP,0.0,0.0,0.0,True
17,48,M,0.0,0.0,0.0,True
17,49,MIS,0.0,0.0,0.0,True
18,1,E,1.52e-07,1.52e-07,0.0,True
18,2,AR3S,0.98,0.98,0.0,True
18,3,AR4SM,7.428e-07,7.428e-07,0.0,True
18,4,AR4SR,1.514e-06,1.514e-06,0.0,True
18,5,AR4SPM,1.687e-07,1.687e-07,0.0,True
18,6,AR4SPR,1.218e-06,1.218e-06,0.0,True
18,7,AR4P,6.918e-07,6.918e-07,0.0,True
18,8,AR4D,8.961e-09,8.961e-09,0.0,True
18,9,AR^,1.554e-08,1.554e-08,0.0,True
18,10,AR2*,9.904e-07,9.904e-07,0.0,True
18,11,AR2^,3.391e-09,3.391e-09,0.0,True
18,12,H,4.784e-05,4.784e-05,0.0,True
18,13,H*,3.061e-09,3.061e-09,0.0,True
18,14,H^,1.419e-12,1.419e-12,0.0,True
18,15,H-,5.157e-09,5.157e-09,0.0,True
18,16,H2,7.257e-06,7.257e-06,0.0,True
18,17,H2*,7.957e-10,7.957e-10,0.0,True
18,18,H2^,3.506e-13,3.506e-13,0.0,True
18,19,H3^,2.135e-11,2.135e-11,0.0,True
18,20,OH,3.382e-05,3.382e-05,0.0,True
18,21,OH*,3.777e-07,3.777e-07,0.0,True
18,22,OH^,2.956e-12,2.956e-12,0.0,True
18,23,OH-,4.93e-07,4.93e-07,0.0,True
18,24,H2O,0.01991,0.01991,0.0,True
18,25,H2OV,3.176e-05,3.176e-05,0.0,True
18,26,H2O^,1.13e-08,1.13e-08,0.0,True
18,27,HO2,6.85e-09,6.85e-09,0.0,True
18,28,H2O2,1.241e-05,1.241e-05,0.0,True
18,29,H3O^,6.95e-07,6.95e-07,0.0,True
18,30,O2,6.288e-07,6.288e-07,0.0,True
18,31,O2^,9.418e-12,9.418e-12,0.0,True
18,32,O2-,5.346e-12,5.346e-12,0.0,True
18,33,O,4.295e-07,4.295e-07,0.0,True
18,34,O^,1.892e-14,1.892e-14,0.0,True
18,35,O-,7.514e-08,7.514e-08,0.0,True
18,36,HV_096,0.0,0.0,0.0,True
18,37,HV_106,0.0,0.0,0.0,True
18,38,HV_126,0.0,0.0,0.0,True
18,39,ONE,0.0,0.0,0.0,True
18,40,TE,0.0,0.0,0.0,True
18,41,TGAS,0.0,0.0,0.0,True
18,42,EB,0.0,0.0,0.0,True
18,43,POS,0.0,0.0,0.0,True
18,44,POSITION,0.0,0.0,0.0,True
18,45,SPEED,0.0,0.0,0.0,True
18,46,EDEP,0.0,0.0,0.0,True
18,47,PDEP,0.0,0.0,0.0,True
18,48,M,0.0,0.0,0.0,True
18,49,MIS,0.0,0.0,0.0,True
19,1,E,1.54e-07,1.54e-07,0.0,True
19,2,AR3S,0.9799,0.9799,0.0,True
19,3,AR4SM,7.442e-07,7.442e-07,0.0,True
19,4,AR4SR,1.515e-06,1.515e-06,0.0,True
19,5,AR4SPM,1.687e-07,1.687e-07,0.0,True
19,6,AR4SPR,1.217e-06,1.217e-06,0.0,True
19,7,AR4P,6.893e-07,6.893e-07,0.0,True
19,8,AR4D,8.909e-09,8.909e-09,0.0,True
19,9,AR^,1.524e-08,1.524e-08,0.0,True
19,10,AR2*,9.919e-07,9.919e-07,0.0,True
19,11,AR2^,3.342e-09,3.342e-09,0.0,True
19,12,H,5.37e-05,5.37e-05,0.0,True
19,13,H*,3.865e-09,3.865e-09,0.0,True
19,14,H^,1.615e-12,1.615e-12,0.0,True
19,15,H-,5.223e-09,5.223e-09,0.0,True
19,16,H2,7.365e-06,7.365e-06,0.0,True
19,17,H2*,9.23e-10,9.23e-10,0.0,True
19,18,H2^,3.495e-13,3.495e-13,0.0,True
19,19,H3^,2.414e-11,2.414e-11,0.0,True
19,20,OH,3.977e-05,3.977e-05,0.0,True
19,21,OH*,4.531e-07,4.531e-07,0.0,True
19,22,OH^,3.356e-12,3.356e-12,0.0,True
19,23,OH-,5.581e-07,5.581e-07,0.0,True
19,24,H2O,0.01989,0.01989,0.0,True
19,25,H2OV,3.682e-05,3.682e-05,0.0,True
19,26,H2O^,1.112e-08,1.112e-08,0.0,True
19,27,HO2,7.149e-09,7.149e-09,0.0,True
19,28,H2O2,1.242e-05,1.242e-05,0.0,True
19,29,H3O^,7.736e-07,7.736e-07,0.0,True
19,30,O2,6.288e-07,6.288e-07,0.0,True
19,31,O2^,1.027e-11,1.027e-11,0.0,True
19,32,O2-,6.235e-12,6.235e-12,0.0,True
19,33,O,4.478e-07,4.478e-07,0.0,True
19,34,O^,1.946e-14,1.946e-14,0.0,True
19,35,O-,8.601e-08,8.601e-08,0.0,True
19,36,HV_096,0.0,0.0,0.0,True
19,37,HV_106,0.0,0.0,0.0,True
19,38,HV_126,0.0,0.0,0.0,True
19,39,ONE,0.0,0.0,0.0,True
19,40,TE,0.0,0.0,0.0,True
19,41,TGAS,0.0,0.0,0.0,True
19,42,EB,0.0,0.0,0.0,True
19,43,POS,0.0,0.0,0.0,True
19,44,POSITION,0.0,0.0,0.0,True
19,45,SPEED,0.0,0.0,0.0,True
19,46,EDEP,0.0,0.0,0.0,True
19,47,PDEP,0.0,0.0,0.0,True
19,48,M,0.0,0.0,0.0,True
19,49,MIS,0.0,0.0,0.0,True
20,1,E,1.561e-07,1.561e-07,0.0,True
20,2,AR3S,0.9799,0.9799,0.0,True
20,3,AR4SM,7.455e-07,7.455e-07,0.0,True
20,4,AR4SR,1.516e-06,1.516e-06,0.0,True
20,5,AR4SPM,1.687e-07,1.687e-07,0.0,True
20,6,AR4SPR,1.216e-06,1.216e-06,0.0,True
20,7,AR4P,6.865e-07,6.865e-07,0.0,True
20,8,AR4D,8.855e-09,8.855e-09,0.0,True
20,9,AR^,1.494e-08,1.494e-08,0.0,True
20,10,AR2*,9.917e-07,9.917e-07,0.0,True
20,11,AR2^,3.291e-09,3.291e-09,0.0,True
20,12,H,5.957e-05,5.957e-05,0.0,True
20,13,H*,4.755e-09,4.755e-09,0.0,True
20,14,H^,1.816e-12,1.816e-12,0.0,True
20,15,H-,5.294e-09,5.294e-09,0.0,True
20,16,H2,7.475e-06,7.475e-06,0.0,True
20,17,H2*,1.05e-09,1.05e-09,0.0,True
20,18,H2^,3.48e-13,3.48e-13,0.0,True
20,19,H3^,2.681e-11,2.681e-11,0.0,True
20,20,OH,4.571e-05,4.571e-05,0.0,True
20,21,OH*,5.306e-07,5.306e-07,0.0,True
20,22,OH^,3.747e-12,3.747e-12,0.0,True
20,23,OH-,6.17e-07,6.17e-07,0.0,True
20,24,H2O,0.01988,0.01988,0.0,True
20,25,H2OV,4.182e-05,4.182e-05,0.0,True
20,26,H2O^,1.092e-08,1.092e-08,0.0,True
20,27,HO2,7.5e-09,7.5e-09,0.0,True
20,28,H2O2,1.243e-05,1.243e-05,0.0,True
20,29,H3O^,8.456e-07,8.456e-07,0.0,True
20,30,O2,6.287e-07,6.287e-07,0.0,True
20,31,O2^,1.097e-11,1.097e-11,0.0,True
20,32,O2-,7.194e-12,7.194e-12,0.0,True
20,33,O,4.697e-07,4.697e-07,0.0,True
20,34,O^,2.016e-14,2.016e-14,0.0,True
20,35,O-,9.639e-08,9.639e-08,0.0,True
20,36,HV_096,0.0,0.0,0.0,True
20,37,HV_106,0.0,0.0,0.0,True
20,38,HV_126,0.0,0.0,0.0,True
20,39,ONE,0.0,0.0,0.0,True
20,40,TE,0.0,0.0,0.0,True
20,41,TGAS,0.0,0.0,0.0,True
20,42,EB,0.0,0.0,0.0,True
20,43,POS,0.0,0.0,0.0,True
20,44,POSITION,0.0,0.0,0.0,True
20,45,SPEED,0.0,0.0,0.0,True
20,46,EDEP,0.0,0.0,0.0,True
20,47,PDEP,0.0,0.0,0.0,True
20,48,M,0.0,0.0,0.0,True
20,49,MIS,0.0,0.0,0.0,True
21,1,E,1.142e-07,1.142e-07,0.0,True
21,2,AR3S,0.9799,0.9799,0.0,True
21,3,AR4SM,4.57e-07,4.57e-07,0.0,True
21,4,AR4SR,9.63e-07,9.63e-07,0.0,True
21,5,AR4SPM,1.059e-07,1.059e-07,0.0,True
21,6,AR4SPR,7.604e-07,7.604e-07,0.0,True
21,7,AR4P,1.365e-07,1.365e-07,0.0,True
21,8,AR4D,2.899e-09,2.899e-09,0.0,True
21,9,AR^,1.881e-09,1.881e-09,0.0,True
21,10,AR2*,8.216e-07,8.216e-07,0.0,True
21,11,AR2^,8.153e-10,8.153e-10,0.0,True
21,12,H,6.449e-05,6.449e-05,0.0,True
21,13,H*,5.283e-09,5.283e-09,0.0,True
21,14,H^,3.289e-13,3.289e-13,0.0,True
21,15,H-,3.658e-09,3.658e-09,0.0,True
21,16,H2,7.574e-06,7.574e-06,0.0,True
21,17,H2*,1.12e-09,1.12e-09,0.0,True
21,18,H2^,4.544e-14,4.544e-14,0.0,True
21,19,H3^,2.83e-11,2.83e-11,0.0,True
21,20,OH,5.084e-05,5.084e-05,0.0,True
21,21,OH*,4.102e-07,4.102e-07,0.0,True
21,22,OH^,7.719e-14,7.719e-14,0.0,True
21,23,OH-,6.613e-07,6.613e-07,0.0,True
21,24,H2O,0.01987,0.01987,0.0,True
21,25,H2OV,4.602e-05,4.602e-05,0.0,True
21,26,H2O^,2.384e-09,2.384e-09,0.0,True
21,27,HO2,7.878e-09,7.878e-09,0.0,True
21,28,H2O2,1.244e-05,1.244e-05,0.0,True
21,29,H3O^,8.778e-07,8.778e-07,0.0,True
21,30,O2,6.287e-07,6.287e-07,0.0,True
21,31,O2^,1.086e-11,1.086e-11,0.0,True
21,32,O2-,8.208e-12,8.208e-12,0.0,True
21,33,O,4.932e-07,4.932e-07,0.0,True
21,34,O^,4.783e-16,4.783e-16,0.0,True
21,35,O-,1.038e-07,1.038e-07,0.0,True
21,36,HV_096,0.0,0.0,0.0,True
21,37,HV_106,0.0,0.0,0.0,True
21,38,HV_126,0.0,0.0,0.0,True
21,39,ONE,0.0,0.0,0.0,True
21,40,TE,0.0,0.0,0.0,True
21,41,TGAS,0.0,0.0,0.0,True
21,42,EB,0.0,0.0,0.0,True
21,43,POS,0.0,0.0,0.0,True
21,44,POSITION,0.0,0.0,0.0,True
21,45,SPEED,0.0,0.0,0.0,True
21,46,EDEP,0.0,0.0,0.0,True
21,47,PDEP,0.0,0.0,0.0,True
21,48,M,0.0,0.0,0.0,True
21,49,MIS,0.0,0.0,0.0,True
